community_id,ward_id,overlap_sq_miles,pct_of_community_area,pct_of_ward
1,40,0.122433,6.659,3.532
1,48,0.000416,0.023,0.026
1,49,1.71577,93.315,94.005
2,40,1.06166,30.07,30.625
2,49,0.109428,3.099,5.995
2,50,2.359569,66.831,88.291
3,40,0.05487,2.35,1.583
3,46,1.496581,64.094,74.601
3,47,0.494068,21.159,16.241
3,48,0.289466,12.397,17.929
4,39,0.175469,6.856,2.69
4,40,1.717726,67.114,49.55
4,47,0.666218,26.03,21.9
5,32,0.66328,32.41,19.907
5,33,3e-06,0.0,0.0
5,47,1.383253,67.59,45.47
6,32,0.495794,15.848,14.88
6,43,0.003408,0.109,0.153
6,44,1.622895,51.876,95.234
6,46,0.507688,16.228,25.307
6,47,0.498606,15.938,16.39
7,2,0.322267,10.173,28.717
7,27,0.005102,0.161,0.089
7,32,0.712795,22.5,21.393
7,43,2.127751,67.166,95.31
8,2,0.799932,29.085,71.283
8,27,0.895344,32.554,15.642
8,42,0.953804,34.679,50.615
8,43,0.101289,3.683,4.537
9,41,1.134795,100.0,6.653
10,39,0.20605,4.71,3.159
10,41,3.656399,83.581,21.437
10,45,0.503799,11.516,10.073
11,39,0.503717,21.648,7.721
11,41,0.089781,3.859,0.526
11,45,1.733327,74.493,34.656
12,39,1.957727,61.234,30.01
12,45,1.239398,38.766,24.78
13,33,0.021408,0.849,0.96
13,39,2.18693,86.74,33.523
13,50,0.312922,12.411,11.709
14,33,1.001716,52.157,44.917
14,39,0.822195,42.81,12.603
14,40,0.096652,5.032,2.788
15,30,1.008985,25.526,29.639
15,31,0.327259,8.279,12.258
15,38,1.369136,34.638,21.496
15,39,0.000779,0.02,0.012
15,41,0.062014,1.569,0.364
15,45,1.184569,29.968,23.684
16,30,0.943058,29.339,27.703
16,33,0.951631,29.606,42.671
16,35,0.309202,9.619,11.323
16,39,0.670719,20.866,10.281
16,45,0.33975,10.57,6.793
16,47,6e-06,0.0,0.0
17,29,0.219942,5.919,5.137
17,30,0.249196,6.706,7.32
17,36,0.041894,1.127,1.393
17,38,3.200457,86.127,50.248
18,29,0.380036,38.42,8.876
18,36,0.609131,61.58,20.255
19,26,0.289194,7.39,10.379
19,29,0.155029,3.961,3.621
19,30,0.949041,24.251,27.878
19,31,1.3562,34.655,50.8
19,36,1.102493,28.172,36.661
19,37,0.061446,1.57,1.705
20,26,0.354193,30.287,12.712
20,31,0.611514,52.291,22.906
20,35,0.202348,17.303,7.41
20,36,0.001383,0.118,0.046
21,30,0.253952,12.805,7.46
21,31,0.304382,15.347,11.401
21,33,0.255398,12.878,11.452
21,35,1.169545,58.97,42.827
22,1,0.989085,27.558,41.846
22,26,0.446848,12.45,16.037
22,31,0.070314,1.959,2.634
22,32,1.033083,28.784,31.006
22,35,1.049742,29.248,38.44
23,26,0.936568,25.985,33.612
23,27,1.001544,27.788,17.497
23,28,0.26575,7.373,4.629
23,36,0.3847,10.673,12.792
23,37,1.015694,28.18,28.18
24,1,1.374518,30.04,58.153
24,26,0.759571,16.6,27.26
24,27,1.139894,24.912,19.914
24,32,0.426955,9.331,12.814
24,34,0.023856,0.521,1.556
24,36,0.847858,18.53,28.193
24,42,0.003035,0.066,0.161
25,24,0.351803,4.922,8.757
25,28,0.767772,10.742,13.374
25,29,3.526653,49.343,82.366
25,36,0.019832,0.277,0.659
25,37,2.48119,34.715,68.839
26,24,0.309074,23.873,7.693
26,28,0.93956,72.572,16.366
26,37,0.046019,3.555,1.277
27,24,0.260152,13.46,6.476
27,27,0.560264,28.987,9.788
27,28,1.112379,57.553,19.377
28,3,0.009683,0.17,0.276
28,11,0.035043,0.616,0.767
28,25,0.193016,3.395,5.768
28,27,2.121819,37.322,37.069
28,28,2.184492,38.425,38.052
28,34,1.066831,18.765,69.606
28,42,0.074252,1.306,3.94
29,22,0.252037,7.852,6.659
29,24,2.616102,81.501,65.119
29,25,0.016279,0.507,0.486
29,28,0.325501,10.14,5.67
30,12,0.203325,4.428,4.247
30,14,0.149739,3.261,3.441
30,22,2.762416,60.166,72.99
30,24,0.480316,10.461,11.956
30,25,0.95893,20.886,28.654
30,28,0.036582,0.797,0.637
31,11,0.037482,1.281,0.821
31,12,0.614201,20.997,12.83
31,25,2.178359,74.468,65.092
31,28,0.095188,3.254,1.658
32,3,0.001099,0.066,0.031
32,4,0.38213,22.991,9.199
32,28,0.013562,0.816,0.236
32,34,0.411942,24.785,26.877
32,42,0.853325,51.341,45.283
33,3,0.861247,48.243,24.557
33,4,0.85539,47.915,20.592
33,11,0.038552,2.159,0.844
33,34,0.03005,1.683,1.961
34,3,0.124376,12.488,3.546
34,11,0.871593,87.512,19.08
34,25,5e-06,0.001,0.0
35,3,0.698595,42.334,19.919
35,4,0.951572,57.664,22.907
35,11,2.2e-05,0.001,0.0
36,4,0.606705,100.0,14.605
37,3,0.222059,31.083,6.332
37,11,5e-06,0.001,0.0
37,15,0.004758,0.666,0.16
37,20,0.487591,68.251,9.352
38,3,1.27077,73.057,36.234
38,4,0.383037,22.021,9.221
38,20,0.085623,4.922,1.642
39,4,0.880275,84.414,21.191
39,5,0.148271,14.219,3.688
39,20,0.014258,1.367,0.273
40,3,0.316521,20.824,9.025
40,20,1.203432,79.176,23.082
41,4,0.094972,5.87,2.286
41,5,1.432938,88.566,35.642
41,20,0.090023,5.564,1.727
42,5,0.908347,43.8,22.594
42,6,0.125713,6.062,2.518
42,20,1.039772,50.138,19.943
43,5,0.953716,32.499,23.722
43,7,1.282682,43.709,25.273
43,8,0.698228,23.793,10.815
44,6,1.628754,55.159,32.619
44,8,0.897191,30.384,13.896
44,9,0.008325,0.282,0.099
44,17,0.078867,2.671,1.689
44,21,0.339711,11.505,4.47
45,8,1.25017,100.0,19.363
46,7,1.488224,44.482,29.323
46,8,0.359948,10.759,5.575
46,10,1.497505,44.759,7.231
47,8,0.609647,100.0,9.443
48,7,0.74851,42.738,14.748
48,8,0.920413,52.553,14.256
48,10,0.082477,4.709,0.398
49,6,0.244433,5.073,4.895
49,8,0.390032,8.096,6.041
49,9,3.05191,63.346,36.284
49,21,1.131468,23.485,14.888
50,7,0.010185,0.481,0.201
50,8,1.023494,48.36,15.853
50,9,1.010361,47.74,12.012
50,10,0.07235,3.419,0.349
51,7,1.545741,14.185,30.456
51,8,0.045385,0.416,0.703
51,10,9.306094,85.399,44.937
52,10,2.985494,99.987,14.416
53,9,1.988882,55.801,23.646
53,21,1.575313,44.198,20.728
54,9,1.868788,52.952,22.218
54,10,1.52948,43.337,7.386
55,10,5.2358,100.0,25.282
56,13,1.663123,39.329,31.328
56,14,0.079781,1.887,1.833
56,22,0.768996,18.185,20.319
56,23,1.716836,40.599,40.968
57,12,0.000163,0.008,0.003
57,14,1.842796,91.867,42.349
57,22,0.001189,0.059,0.031
57,23,0.161795,8.066,3.861
58,12,2.194752,80.622,45.846
58,14,0.282862,10.391,6.5
58,15,0.244665,8.988,8.21
59,11,0.444959,31.459,9.741
59,12,0.969463,68.541,20.251
60,11,2.090912,100.0,45.773
60,25,9e-06,0.0,0.0
61,3,0.002789,0.058,0.08
61,11,1.049427,21.73,22.973
61,12,0.805372,16.676,16.823
61,15,1.033208,21.394,34.671
61,16,0.674649,13.97,14.945
61,20,1.263991,26.173,24.244
62,13,0.380661,32.442,7.17
62,14,0.074097,6.315,1.703
62,23,0.718591,61.243,17.147
63,14,1.374118,62.508,31.579
63,15,0.719883,32.747,24.157
63,16,0.101069,4.598,2.239
63,23,0.003224,0.147,0.077
64,13,2.536328,99.387,47.776
65,13,0.728662,24.678,13.726
65,17,0.000261,0.009,0.006
65,18,0.757072,25.64,10.914
65,23,1.466659,49.673,34.998
66,14,0.548035,15.546,12.594
66,15,0.413777,11.737,13.885
66,16,1.002797,28.446,22.214
66,17,0.888904,25.215,19.038
66,18,0.633295,17.964,9.13
66,23,0.038483,1.092,0.918
67,15,0.563744,17.87,18.917
67,16,1.411423,44.74,31.265
67,17,1.179523,37.39,25.262
68,6,0.733626,23.878,14.693
68,16,1.324395,43.107,29.338
68,17,0.309093,10.06,6.62
68,20,0.705239,22.954,13.527
69,5,0.577053,16.274,14.353
69,6,2.145334,60.502,42.965
69,8,0.26184,7.384,4.056
69,17,0.237864,6.708,5.094
69,20,0.32378,9.131,6.21
70,18,4.774642,98.264,68.833
70,23,0.084328,1.736,2.012
71,6,0.115333,3.06,2.31
71,9,0.019329,0.513,0.23
71,17,1.974707,52.398,42.292
71,18,0.767669,20.37,11.067
71,19,0.032292,0.857,0.409
71,21,0.859371,22.803,11.307
72,19,3.175622,99.721,40.243
72,21,0.008589,0.27,0.113
73,9,0.463557,16.228,5.511
73,18,0.003834,0.134,0.055
73,19,0.01128,0.395,0.143
73,21,2.377868,83.243,31.288
74,19,2.685707,99.059,34.035
75,19,1.98584,60.256,25.166
75,21,1.307712,39.68,17.207
76,38,1.799706,13.493,28.256
76,41,11.496388,86.194,67.403
77,40,0.413315,23.782,11.923
77,48,1.324588,76.218,82.045
